{
  "type": "FeatureCollection",
  "features": [
    {
      "type": "Feature",
      "properties": {
        "name": "Slovenia",
        "country_code": "SI",
        "osm_id": "relation/218657",
        "source": "OpenStreetMap contributors"
      },
      "geometry": {
        "type": "Polygon",
        "coordinates": [
          [
            [
              13.3754696,
              46.297697
            ],
            [
              13.411441,
              46.2118003
            ],
            [
              13.6642372,
              46.1779728
            ],
            [
              13.4761639,
              46.0060818
            ],
            [
              13.5305921,
              45.9662532
            ],
            [
              13.6429804,
              45.9828896
            ],
            [
              13.5751656,
              45.8534994
            ],
            [
              13.5958728,
              45.8081222
            ],
            [
              13.7944116,
              45.7440861
            ],
            [
              13.9186553,
              45.6335173
            ],
            [
              13.8390476,
              45.5822664
            ],
            [
              13.6287257,
              45.6315433
            ],
            [
              13.3844445,
              45.5659444
            ],
            [
              13.6753174,
              45.4425742
            ],
            [
              13.7864278,
              45.46646
            ],
            [
              13.8871093,
              45.4258042
            ],
            [
              13.9849254,
              45.4560654
            ],
            [
              13.9622134,
              45.5059857
            ],
            [
              14.0019178,
              45.5199815
            ],
            [
              14.1365446,
              45.4750326
            ],
            [
              14.3789623,
              45.4880487
            ],
            [
              14.4907045,
              45.5379599
            ],
            [
              14.5706192,
              45.6729008
            ],
            [
              14.6903233,
              45.5806793
            ],
            [
              14.6905771,
              45.5266175
            ],
            [
              14.8179318,
              45.4594663
            ],
            [
              14.9086893,
              45.4777432
            ],
            [
              14.931508,
              45.529287
            ],
            [
              15.1776517,
              45.4214793
            ],
            [
              15.3857931,
              45.4866994
            ],
            [
              15.2769579,
              45.604337
            ],
            [
              15.4062667,
              45.6498931
            ],
            [
              15.3481399,
              45.6711358
            ],
            [
              15.3571075,
              45.713966
            ],
            [
              15.2881574,
              45.6924342
            ],
            [
              15.2747848,
              45.7400549
            ],
            [
              15.538554,
              45.8475987
            ],
            [
              15.7093159,
              45.8465189
            ],
            [
              15.679475,
              45.9044979
            ],
            [
              15.7324872,
              46.0445233
            ],
            [
              15.6211488,
              46.0894301
            ],
            [
              15.596126,
              46.1463549
            ],
            [
              15.6471874,
              46.2171731
            ],
            [
              15.7679502,
              46.2087981
            ],
            [
              15.7914211,
              46.2592245
            ],
            [
              16.0142114,
              46.3089413
            ],
            [
              16.0774333,
              46.345971
            ],
            [
              16.0581419,
              46.3935788
            ],
            [
              16.3016224,
              46.3783997
            ],
            [
              16.2414997,
              46.4982203
            ],
            [
              16.3675109,
              46.5548405
            ],
            [
              16.5967003,
              46.4759106
            ],
            [
              16.3917736,
              46.6337266
            ],
            [
              16.4286336,
              46.6939738
            ],
            [
              16.3186436,
              46.7541449
            ],
            [
              16.3476998,
              46.8407066
            ],
            [
              16.2332296,
              46.8766703
            ],
            [
              15.9853805,
              46.8273008
            ],
            [
              16.0380805,
              46.6561376
            ],
            [
              15.8396929,
              46.7223886
            ],
            [
              15.595118,
              46.6900134
            ],
            [
              15.5022692,
              46.6139078
            ],
            [
              15.4140706,
              46.655544
            ],
            [
              15.0410367,
              46.6517696
            ],
            [
              14.979376,
              46.6014039
            ],
            [
              14.9556718,
              46.6327173
            ],
            [
              14.8704007,
              46.6072185
            ],
            [
              14.8186088,
              46.5093839
            ],
            [
              14.5959725,
              46.4368202
            ],
            [
              14.5641173,
              46.3722987
            ],
            [
              14.4296063,
              46.4470427
            ],
            [
              14.1634476,
              46.4335749
            ],
            [
              14.0915383,
              46.485697
            ],
            [
              13.7140776,
              46.5229896
            ],
            [
              13.6892561,
              46.4399844
            ],
            [
              13.5977455,
              46.4393784
            ],
            [
              13.3754696,
              46.297697
            ]
          ],
          [
            [
              15.3057776,
              45.6906726
            ],
            [
              15.3059449,
              45.6907869
            ],
            [
              15.3061913,
              45.6909551
            ],
            [
              15.3064691,
              45.6911896
            ],
            [
              15.3064212,
              45.6912325
            ],
            [
              15.3063893,
              45.6912611
            ],
            [
              15.3061935,
              45.6911351
            ],
            [
              15.3056988,
              45.690829
            ],
            [
              15.3055928,
              45.6907752
            ],
            [
              15.3054974,
              45.6907349
            ],
            [
              15.3053307,
              45.6906388
            ],
            [
              15.3050955,
              45.690515
            ],
            [
              15.3048696,
              45.6904632
            ],
            [
              15.3045692,
              45.6903459
            ],
            [
              15.3040506,
              45.6901503
            ],
            [
              15.3033256,
              45.689876
            ],
            [
              15.3024183,
              45.6896655
            ],
            [
              15.3021406,
              45.6896593
            ],
            [
              15.3020158,
              45.6896995
            ],
            [
              15.3015103,
              45.6897779
            ],
            [
              15.3014984,
              45.6897255
            ],
            [
              15.3014583,
              45.6896784
            ],
            [
              15.3014931,
              45.689644
            ],
            [
              15.301642,
              45.6894891
            ],
            [
              15.3017974,
              45.6891211
            ],
            [
              15.301864,
              45.6889625
            ],
            [
              15.3029953,
              45.6891391
            ],
            [
              15.3031701,
              45.6891435
            ],
            [
              15.3032669,
              45.6891646
            ],
            [
              15.303598,
              45.6892909
            ],
            [
              15.3038632,
              45.6894648
            ],
            [
              15.3040723,
              45.6896228
            ],
            [
              15.3042467,
              45.6897537
            ],
            [
              15.3046717,
              45.6900055
            ],
            [
              15.305023,
              45.6902135
            ],
            [
              15.3053365,
              45.6904393
            ],
            [
              15.305486,
              45.6905181
            ],
            [
              15.3057776,
              45.6906726
            ]
          ],
          [
            [
              15.3054508,
              45.6933446
            ],
            [
              15.3054136,
              45.6934273
            ],
            [
              15.3049806,
              45.6943711
            ],
            [
              15.3051278,
              45.6945023
            ],
            [
              15.3051959,
              45.6945678
            ],
            [
              15.305235,
              45.6946122
            ],
            [
              15.3052845,
              45.6946574
            ],
            [
              15.3053693,
              45.6948003
            ],
            [
              15.3055228,
              45.6950303
            ],
            [
              15.3049887,
              45.6953753
            ],
            [
              15.3050073,
              45.6954586
            ],
            [
              15.3044061,
              45.6960417
            ],
            [
              15.3039683,
              45.696516
            ],
            [
              15.3031394,
              45.6955852
            ],
            [
              15.3033835,
              45.6954848
            ],
            [
              15.3036417,
              45.695561
            ],
            [
              15.3042795,
              45.6953172
            ],
            [
              15.3042727,
              45.694852
            ],
            [
              15.3030874,
              45.6937237
            ],
            [
              15.302513,
              45.6940226
            ],
            [
              15.3027769,
              45.6949248
            ],
            [
              15.3030947,
              45.6954926
            ],
            [
              15.3030645,
              45.6955308
            ],
            [
              15.3028396,
              45.6954408
            ],
            [
              15.3021355,
              45.6948995
            ],
            [
              15.3021381,
              45.6948792
            ],
            [
              15.3018912,
              45.6946375
            ],
            [
              15.301541,
              45.6937799
            ],
            [
              15.3014016,
              45.693448
            ],
            [
              15.3013893,
              45.6932506
            ],
            [
              15.3013695,
              45.6932507
            ],
            [
              15.3002072,
              45.6925171
            ],
            [
              15.3002338,
              45.6924625
            ],
            [
              15.300296,
              45.6924115
            ],
            [
              15.3004649,
              45.6922862
            ],
            [
              15.3004892,
              45.6923068
            ],
            [
              15.3006718,
              45.6921906
            ],
            [
              15.3009435,
              45.6921182
            ],
            [
              15.3011166,
              45.6921268
            ],
            [
              15.3009052,
              45.692345
            ],
            [
              15.3007609,
              45.6925031
            ],
            [
              15.3007602,
              45.6926138
            ],
            [
              15.3011757,
              45.6927435
            ],
            [
              15.3013143,
              45.6927988
            ],
            [
              15.3014027,
              45.6928406
            ],
            [
              15.3015439,
              45.6928943
            ],
            [
              15.30163,
              45.6927683
            ],
            [
              15.301734,
              45.6927687
            ],
            [
              15.3018033,
              45.6927738
            ],
            [
              15.3021177,
              45.6927882
            ],
            [
              15.3023473,
              45.6927514
            ],
            [
              15.3026018,
              45.6927975
            ],
            [
              15.3027065,
              45.6927861
            ],
            [
              15.3027792,
              45.6928366
            ],
            [
              15.3030479,
              45.6929249
            ],
            [
              15.3033979,
              45.6927222
            ],
            [
              15.3035113,
              45.6926954
            ],
            [
              15.3035131,
              45.6927267
            ],
            [
              15.3034255,
              45.6927316
            ],
            [
              15.3034299,
              45.6927676
            ],
            [
              15.3035161,
              45.6927603
            ],
            [
              15.3035164,
              45.6927783
            ],
            [
              15.3032045,
              45.6929321
            ],
            [
              15.3034497,
              45.6933369
            ],
            [
              15.303556,
              45.6935036
            ],
            [
              15.3035747,
              45.6935264
            ],
            [
              15.303818,
              45.6935229
            ],
            [
              15.3040412,
              45.6935453
            ],
            [
              15.3042576,
              45.6935947
            ],
            [
              15.3044941,
              45.6936554
            ],
            [
              15.3046022,
              45.6936745
            ],
            [
              15.3046978,
              45.6936696
            ],
            [
              15.3047497,
              45.6936525
            ],
            [
              15.3048327,
              45.6936201
            ],
            [
              15.3048961,
              45.6935881
            ],
            [
              15.3052956,
              45.6933904
            ],
            [
              15.3053754,
              45.6933638
            ],
            [
              15.3054508,
              45.6933446
            ]
          ]
        ]
      }
    },
    {
      "type": "Feature",
      "properties": {
        "name": "Croatia",
        "country_code": "HR",
        "osm_id": "relation/214885",
        "source": "OpenStreetMap contributors"
      },
      "geometry": {
        "type": "MultiPolygon",
        "coordinates": [
          [
            [
              [
                19.4472713,
                45.1959112
              ],
              [
                18.9714321,
                45.3774364
              ],
              [
                19.0302405,
                45.4120835
              ],
              [
                18.9991548,
                45.4928807
              ],
              [
                19.1015237,
                45.5096853
              ],
              [
                18.8978124,
                45.5726302
              ],
              [
                18.9757529,
                45.6560257
              ],
              [
                18.9130481,
                45.7076949
              ],
              [
                18.9748186,
                45.7191702
              ],
              [
                18.9095492,
                45.7213078
              ],
              [
                18.9787545,
                45.7418863
              ],
              [
                18.8523781,
                45.7695541
              ],
              [
                18.9201074,
                45.7902269
              ],
              [
                18.8465715,
                45.8158231
              ],
              [
                18.9023806,
                45.9187546
              ],
              [
                18.7910962,
                45.8781625
              ],
              [
                18.6595328,
                45.9168864
              ],
              [
                18.6232491,
                45.8394736
              ],
              [
                18.446853,
                45.737128
              ],
              [
                18.1907376,
                45.7874275
              ],
              [
                17.8613785,
                45.7673958
              ],
              [
                17.6630478,
                45.8377964
              ],
              [
                17.5694619,
                45.9360381
              ],
              [
                17.3455888,
                45.9433548
              ],
              [
                17.391072,
                45.9601366
              ],
              [
                17.3728608,
                45.990165
              ],
              [
                17.3110094,
                45.9671196
              ],
              [
                17.1586235,
                46.1697547
              ],
              [
                16.9133576,
                46.2621401
              ],
              [
                16.8373977,
                46.3740852
              ],
              [
                16.3687841,
                46.5550254
              ],
              [
                16.2414997,
                46.4982203
              ],
              [
                16.3016224,
                46.3783997
              ],
              [
                16.0581419,
                46.3935788
              ],
              [
                16.0774333,
                46.345971
              ],
              [
                16.0142114,
                46.3089413
              ],
              [
                15.7914211,
                46.2592245
              ],
              [
                15.7679502,
                46.2087981
              ],
              [
                15.646665,
                46.2166617
              ],
              [
                15.596126,
                46.1463549
              ],
              [
                15.6211488,
                46.0894301
              ],
              [
                15.7324872,
                46.0445233
              ],
              [
                15.679475,
                45.9044979
              ],
              [
                15.7093159,
                45.8465189
              ],
              [
                15.538554,
                45.8475987
              ],
              [
                15.2575156,
                45.7245342
              ],
              [
                15.3227863,
                45.6738505
              ],
              [
                15.3571075,
                45.713966
              ],
              [
                15.3481399,
                45.6711358
              ],
              [
                15.4062667,
                45.6498931
              ],
              [
                15.2769579,
                45.604337
              ],
              [
                15.3858752,
                45.4885292
              ],
              [
                15.3455227,
                45.4562974
              ],
              [
                15.1663659,
                45.4221641
              ],
              [
                14.9308389,
                45.5293163
              ],
              [
                14.9086893,
                45.4777432
              ],
              [
                14.8183043,
                45.4593181
              ],
              [
                14.6905771,
                45.5266175
              ],
              [
                14.6903233,
                45.5806793
              ],
              [
                14.5700102,
                45.6729436
              ],
              [
                14.4904861,
                45.5377537
              ],
              [
                14.3227722,
                45.4704149
              ],
              [
                14.0019178,
                45.5199815
              ],
              [
                13.9622134,
                45.5059857
              ],
              [
                13.9849254,
                45.4560654
              ],
              [
                13.8871093,
                45.4258042
              ],
              [
                13.7864278,
                45.46646
              ],
              [
                13.6753174,
                45.4425742
              ],
              [
                13.4679768,
                45.5883846
              ],
              [
                13.3121034,
                45.5461662
              ],
              [
                13.2125413,
                45.4583548
              ],
              [
                13.3520879,
                44.9639932
              ],
              [
                13.7010303,
                44.5986824
              ],
              [
                14.4020927,
                44.1866645
              ],
              [
                15.0626163,
                43.6596619
              ],
              [
                15.4375434,
                43.4495751
              ],
              [
                15.8560481,
                43.3024098
              ],
              [
                15.9201961,
                43.2333928
              ],
              [
                15.3410123,
                43.27278
              ],
              [
                15.2069392,
                43.1691611
              ],
              [
                15.1939811,
                43.042957
              ],
              [
                15.3253762,
                42.9168091
              ],
              [
                15.9215243,
                42.7602906
              ],
              [
                16.2335375,
                42.8143718
              ],
              [
                16.2331882,
                42.6842125
              ],
              [
                16.3383335,
                42.5828622
              ],
              [
                16.085497,
                42.5481013
              ],
              [
                16.0046355,
                42.4665699
              ],
              [
                15.9856439,
                42.3591305
              ],
              [
                16.101083,
                42.2243161
              ],
              [
                16.3469859,
                42.1765993
              ],
              [
                16.5014689,
                42.2182788
              ],
              [
                16.5992063,
                42.3177632
              ],
              [
                16.6046454,
                42.4352957
              ],
              [
                16.4795635,
                42.5486433
              ],
              [
                16.5986395,
                42.5652451
              ],
              [
                16.7952448,
                42.5226933
              ],
              [
                17.3981541,
                42.5521331
              ],
              [
                18.0897453,
                42.3877721
              ],
              [
                18.4195781,
                42.2096003
              ],
              [
                18.5398406,
                42.3923873
              ],
              [
                18.3671252,
                42.6159166
              ],
              [
                18.2443299,
                42.602625
              ],
              [
                17.8913432,
                42.8095955
              ],
              [
                17.8441638,
                42.9026232
              ],
              [
                17.6913178,
                42.9256086
              ],
              [
                17.6423325,
                42.884172
              ],
              [
                17.5404921,
                42.9285813
              ],
              [
                17.7119582,
                42.9729212
              ],
              [
                17.6408451,
                43.0895135
              ],
              [
                17.3412424,
                43.2540674
              ],
              [
                17.2507166,
                43.4030221
              ],
              [
                17.2780985,
                43.4720055
              ],
              [
                17.0081448,
                43.575642
              ],
              [
                16.5024251,
                44.0241901
              ],
              [
                16.4368899,
                44.0303335
              ],
              [
                16.4276779,
                44.0831655
              ],
              [
                16.1725691,
                44.2084182
              ],
              [
                16.219481,
                44.2235236
              ],
              [
                16.1870499,
                44.2957803
              ],
              [
                16.2187051,
                44.3481376
              ],
              [
                16.1313239,
                44.3780824
              ],
              [
                16.1724259,
                44.4023846
              ],
              [
                16.1220827,
                44.5134751
              ],
              [
                16.0186097,
                44.5627888
              ],
              [
                16.0549068,
                44.6253632
              ],
              [
                15.8944723,
                44.7494161
              ],
              [
                15.8219921,
                44.7215209
              ],
              [
                15.7286823,
                44.8254901
              ],
              [
                15.7945892,
                44.8454198
              ],
              [
                15.7363409,
                44.9359285
              ],
              [
                15.7835929,
                44.972958
              ],
              [
                15.7411928,
                45.0616651
              ],
              [
                15.7911689,
                45.115104
              ],
              [
                15.7766801,
                45.1839624
              ],
              [
                15.8421371,
                45.2249437
              ],
              [
                16.0146821,
                45.2179885
              ],
              [
                16.0899516,
                45.1043494
              ],
              [
                16.2887518,
                44.9956636
              ],
              [
                16.3545258,
                45.0033585
              ],
              [
                16.3944428,
                45.1127054
              ],
              [
                16.519042,
                45.2232554
              ],
              [
                16.819388,
                45.184979
              ],
              [
                16.9277564,
                45.2762374
              ],
              [
                16.938171,
                45.22763
              ],
              [
                17.0221142,
                45.2359109
              ],
              [
                17.1760107,
                45.1476247
              ],
              [
                17.2738498,
                45.1894221
              ],
              [
                17.3590389,
                45.1385658
              ],
              [
                17.4496417,
                45.1599756
              ],
              [
                17.4842714,
                45.1097117
              ],
              [
                17.667937,
                45.1339267
              ],
              [
                17.8491318,
                45.0442499
              ],
              [
                18.0028334,
                45.150901
              ],
              [
                18.1763476,
                45.076919
              ],
              [
                18.261157,
                45.1392688
              ],
              [
                18.5322842,
                45.0437965
              ],
              [
                18.536949,
                45.0930682
              ],
              [
                18.6548036,
                45.056107
              ],
              [
                18.6752352,
                45.0944902
              ],
              [
                18.7291798,
                44.9939379
              ],
              [
                18.7958217,
                44.992394
              ],
              [
                18.7650463,
                44.9044148
              ],
              [
                18.9734561,
                44.849747
              ],
              [
                19.0214147,
                44.8553961
              ],
              [
                18.9976289,
                44.9152592
              ],
              [
                19.068596,
                44.9012149
              ],
              [
                19.1560553,
                44.9530174
              ],
              [
                19.0519601,
                44.9771907
              ],
              [
                19.1027625,
                45.0108636
              ],
              [
                19.0864604,
                45.1453962
              ],
              [
                19.1419453,
                45.1297204
              ],
              [
                19.176226,
                45.2025044
              ],
              [
                19.2875765,
                45.1706399
              ],
              [
                19.3195913,
                45.2077211
              ],
              [
                19.3546453,
                45.1646381
              ],
              [
                19.4472713,
                45.1959112
              ]
            ]
          ],
          [
            [
              [
                15.3054508,
                45.6933446
              ],
              [
                15.3054136,
                45.6934273
              ],
              [
                15.3049806,
                45.6943711
              ],
              [
                15.3051278,
                45.6945023
              ],
              [
                15.3051959,
                45.6945678
              ],
              [
                15.305235,
                45.6946122
              ],
              [
                15.3052845,
                45.6946574
              ],
              [
                15.3053693,
                45.6948003
              ],
              [
                15.3055228,
                45.6950303
              ],
              [
                15.3049887,
                45.6953753
              ],
              [
                15.3050073,
                45.6954586
              ],
              [
                15.3044061,
                45.6960417
              ],
              [
                15.3039683,
                45.696516
              ],
              [
                15.3031394,
                45.6955852
              ],
              [
                15.3033835,
                45.6954848
              ],
              [
                15.3036417,
                45.695561
              ],
              [
                15.3042795,
                45.6953172
              ],
              [
                15.3042727,
                45.694852
              ],
              [
                15.3030874,
                45.6937237
              ],
              [
                15.302513,
                45.6940226
              ],
              [
                15.3027769,
                45.6949248
              ],
              [
                15.3030947,
                45.6954926
              ],
              [
                15.3030645,
                45.6955308
              ],
              [
                15.3028396,
                45.6954408
              ],
              [
                15.3021355,
                45.6948995
              ],
              [
                15.3021381,
                45.6948792
              ],
              [
                15.3018912,
                45.6946375
              ],
              [
                15.301541,
                45.6937799
              ],
              [
                15.3014016,
                45.693448
              ],
              [
                15.3013893,
                45.6932506
              ],
              [
                15.3013695,
                45.6932507
              ],
              [
                15.3002072,
                45.6925171
              ],
              [
                15.3002338,
                45.6924625
              ],
              [
                15.300296,
                45.6924115
              ],
              [
                15.3004649,
                45.6922862
              ],
              [
                15.3004892,
                45.6923068
              ],
              [
                15.3006718,
                45.6921906
              ],
              [
                15.3009435,
                45.6921182
              ],
              [
                15.3011166,
                45.6921268
              ],
              [
                15.3009052,
                45.692345
              ],
              [
                15.3007609,
                45.6925031
              ],
              [
                15.3007602,
                45.6926138
              ],
              [
                15.3011757,
                45.6927435
              ],
              [
                15.3013143,
                45.6927988
              ],
              [
                15.3014027,
                45.6928406
              ],
              [
                15.3015439,
                45.6928943
              ],
              [
                15.30163,
                45.6927683
              ],
              [
                15.301734,
                45.6927687
              ],
              [
                15.3018033,
                45.6927738
              ],
              [
                15.3021177,
                45.6927882
              ],
              [
                15.3023473,
                45.6927514
              ],
              [
                15.3026018,
                45.6927975
              ],
              [
                15.3027065,
                45.6927861
              ],
              [
                15.3027792,
                45.6928366
              ],
              [
                15.3030479,
                45.6929249
              ],
              [
                15.3033979,
                45.6927222
              ],
              [
                15.3035113,
                45.6926954
              ],
              [
                15.3035131,
                45.6927267
              ],
              [
                15.3034255,
                45.6927316
              ],
              [
                15.3034299,
                45.6927676
              ],
              [
                15.3035161,
                45.6927603
              ],
              [
                15.3035164,
                45.6927783
              ],
              [
                15.3032045,
                45.6929321
              ],
              [
                15.3034497,
                45.6933369
              ],
              [
                15.303556,
                45.6935036
              ],
              [
                15.3035747,
                45.6935264
              ],
              [
                15.303818,
                45.6935229
              ],
              [
                15.3040412,
                45.6935453
              ],
              [
                15.3042576,
                45.6935947
              ],
              [
                15.3044941,
                45.6936554
              ],
              [
                15.3046022,
                45.6936745
              ],
              [
                15.3046978,
                45.6936696
              ],
              [
                15.3047497,
                45.6936525
              ],
              [
                15.3048327,
                45.6936201
              ],
              [
                15.3048961,
                45.6935881
              ],
              [
                15.3052956,
                45.6933904
              ],
              [
                15.3053754,
                45.6933638
              ],
              [
                15.3054508,
                45.6933446
              ]
            ]
          ],
          [
            [
              [
                15.3057776,
                45.6906726
              ],
              [
                15.3059449,
                45.6907869
              ],
              [
                15.3061913,
                45.6909551
              ],
              [
                15.3064691,
                45.6911896
              ],
              [
                15.3064212,
                45.6912325
              ],
              [
                15.3063893,
                45.6912611
              ],
              [
                15.3061935,
                45.6911351
              ],
              [
                15.3056988,
                45.690829
              ],
              [
                15.3055928,
                45.6907752
              ],
              [
                15.3054974,
                45.6907349
              ],
              [
                15.3053307,
                45.6906388
              ],
              [
                15.3050955,
                45.690515
              ],
              [
                15.3048696,
                45.6904632
              ],
              [
                15.3045692,
                45.6903459
              ],
              [
                15.3040506,
                45.6901503
              ],
              [
                15.3033256,
                45.689876
              ],
              [
                15.3024183,
                45.6896655
              ],
              [
                15.3021406,
                45.6896593
              ],
              [
                15.3020158,
                45.6896995
              ],
              [
                15.3015103,
                45.6897779
              ],
              [
                15.3014984,
                45.6897255
              ],
              [
                15.3014583,
                45.6896784
              ],
              [
                15.3014931,
                45.689644
              ],
              [
                15.301642,
                45.6894891
              ],
              [
                15.3017974,
                45.6891211
              ],
              [
                15.301864,
                45.6889625
              ],
              [
                15.3029953,
                45.6891391
              ],
              [
                15.3031701,
                45.6891435
              ],
              [
                15.3032669,
                45.6891646
              ],
              [
                15.303598,
                45.6892909
              ],
              [
                15.3038632,
                45.6894648
              ],
              [
                15.3040723,
                45.6896228
              ],
              [
                15.3042467,
                45.6897537
              ],
              [
                15.3046717,
                45.6900055
              ],
              [
                15.305023,
                45.6902135
              ],
              [
                15.3053365,
                45.6904393
              ],
              [
                15.305486,
                45.6905181
              ],
              [
                15.3057776,
                45.6906726
              ]
            ]
          ]
        ]
      }
    },
    {
      "type": "Feature",
      "properties": {
        "name": "Bosnia and Herzegovina",
        "country_code": "BA",
        "osm_id": "relation/2528142",
        "source": "OpenStreetMap contributors"
      },
      "geometry": {
        "type": "MultiPolygon",
        "coordinates": [
          [
            [
              [
                19.51105,
                43.5861531
              ],
              [
                19.2637263,
                43.6069142
              ],
              [
                19.2508277,
                43.5293926
              ],
              [
                19.0515064,
                43.5018853
              ],
              [
                18.9966551,
                43.5579716
              ],
              [
                18.9124906,
                43.5033368
              ],
              [
                19.0110044,
                43.4455135
              ],
              [
                19.080267,
                43.2998152
              ],
              [
                19.0090249,
                43.2508551
              ],
              [
                18.9144633,
                43.3598525
              ],
              [
                18.8393845,
                43.3485165
              ],
              [
                18.8555894,
                43.3216894
              ],
              [
                18.6881249,
                43.2547137
              ],
              [
                18.7171411,
                43.2317787
              ],
              [
                18.6483964,
                43.1471307
              ],
              [
                18.6606944,
                43.0373332
              ],
              [
                18.4982188,
                42.9956643
              ],
              [
                18.509238,
                42.8866359
              ],
              [
                18.4503926,
                42.8167857
              ],
              [
                18.4961398,
                42.7358788
              ],
              [
                18.5699214,
                42.719719
              ],
              [
                18.5748957,
                42.6427501
              ],
              [
                18.5202943,
                42.6183955
              ],
              [
                18.5560986,
                42.5811665
              ],
              [
                18.4409187,
                42.5553114
              ],
              [
                18.3662781,
                42.6161777
              ],
              [
                18.2443299,
                42.602625
              ],
              [
                17.8913432,
                42.8095955
              ],
              [
                17.8292614,
                42.9097665
              ],
              [
                17.6913178,
                42.9256086
              ],
              [
                17.6423325,
                42.884172
              ],
              [
                17.5404921,
                42.9285813
              ],
              [
                17.7119582,
                42.9729212
              ],
              [
                17.6408451,
                43.0895135
              ],
              [
                17.3412424,
                43.2540674
              ],
              [
                17.2507166,
                43.4030221
              ],
              [
                17.2814727,
                43.4687469
              ],
              [
                17.0081448,
                43.575642
              ],
              [
                16.5024251,
                44.0241901
              ],
              [
                16.4368899,
                44.0303335
              ],
              [
                16.4276779,
                44.0831655
              ],
              [
                16.1725691,
                44.2084182
              ],
              [
                16.219481,
                44.2235236
              ],
              [
                16.1870499,
                44.2957803
              ],
              [
                16.2187051,
                44.3481376
              ],
              [
                16.1313239,
                44.3780824
              ],
              [
                16.1724259,
                44.4023846
              ],
              [
                16.1220827,
                44.5134751
              ],
              [
                16.0186097,
                44.5627888
              ],
              [
                16.0549068,
                44.6253632
              ],
              [
                15.8944723,
                44.7494161
              ],
              [
                15.8219921,
                44.7215209
              ],
              [
                15.7286823,
                44.8254901
              ],
              [
                15.7945207,
                44.8449174
              ],
              [
                15.7363409,
                44.9359285
              ],
              [
                15.7858808,
                44.9949869
              ],
              [
                15.7411928,
                45.0616651
              ],
              [
                15.7911689,
                45.115104
              ],
              [
                15.7646908,
                45.1661672
              ],
              [
                15.8388791,
                45.2243133
              ],
              [
                16.0146821,
                45.2179885
              ],
              [
                16.0899516,
                45.1043494
              ],
              [
                16.2891893,
                44.9956786
              ],
              [
                16.3545258,
                45.0033585
              ],
              [
                16.3944428,
                45.1127054
              ],
              [
                16.519042,
                45.2232554
              ],
              [
                16.819388,
                45.184979
              ],
              [
                16.9302346,
                45.2764141
              ],
              [
                16.9377825,
                45.2278317
              ],
              [
                17.0221142,
                45.2359109
              ],
              [
                17.1760107,
                45.1476247
              ],
              [
                17.2738498,
                45.1894221
              ],
              [
                17.3590389,
                45.1385658
              ],
              [
                17.4496417,
                45.1599756
              ],
              [
                17.4842714,
                45.1097117
              ],
              [
                17.667937,
                45.1339267
              ],
              [
                17.8491318,
                45.0442499
              ],
              [
                18.0098188,
                45.1517172
              ],
              [
                18.1181576,
                45.0805867
              ],
              [
                18.1992185,
                45.0792196
              ],
              [
                18.261157,
                45.1392688
              ],
              [
                18.5330053,
                45.0437204
              ],
              [
                18.536949,
                45.0930682
              ],
              [
                18.6548036,
                45.056107
              ],
              [
                18.6752352,
                45.0944902
              ],
              [
                18.7291798,
                44.9939379
              ],
              [
                18.7958217,
                44.992394
              ],
              [
                18.7637731,
                44.9057664
              ],
              [
                18.8562025,
                44.8531825
              ],
              [
                19.0619034,
                44.8606285
              ],
              [
                19.1748555,
                44.9215359
              ],
              [
                19.3107197,
                44.9071355
              ],
              [
                19.3715623,
                44.8782302
              ],
              [
                19.2945704,
                44.7858025
              ],
              [
                19.3306311,
                44.7479659
              ],
              [
                19.1284432,
                44.5199376
              ],
              [
                19.1470719,
                44.4152837
              ],
              [
                19.1027581,
                44.3712512
              ],
              [
                19.1653548,
                44.2845839
              ],
              [
                19.3251712,
                44.271251
              ],
              [
                19.3590688,
                44.1843144
              ],
              [
                19.623284,
                44.0516717
              ],
              [
                19.5260992,
                43.9560564
              ],
              [
                19.2350517,
                44.0103882
              ],
              [
                19.3943654,
                43.7984547
              ],
              [
                19.5189607,
                43.7143321
              ],
              [
                19.51105,
                43.5861531
              ]
            ]
          ],
          [
            [
              [
                19.4235557,
                43.5683658
              ],
              [
                19.4232782,
                43.5683738
              ],
              [
                19.422738,
                43.5682033
              ],
              [
                19.4220174,
                43.5683506
              ],
              [
                19.4214173,
                43.5683713
              ],
              [
                19.421056,
                43.5683123
              ],
              [
                19.420669,
                43.5682566
              ],
              [
                19.4200043,
                43.5680119
              ],
              [
                19.4194238,
                43.5680031
              ],
              [
                19.4193937,
                43.5679996
              ],
              [
                19.4185944,
                43.5677814
              ],
              [
                19.4151542,
                43.5669413
              ],
              [
                19.4148752,
                43.5665606
              ],
              [
                19.4145221,
                43.5664181
              ],
              [
                19.4141282,
                43.5663967
              ],
              [
                19.4136245,
                43.5661947
              ],
              [
                19.4133535,
                43.5659135
              ],
              [
                19.4130643,
                43.5657719
              ],
              [
                19.4125575,
                43.5656012
              ],
              [
                19.4122056,
                43.5654691
              ],
              [
                19.4122283,
                43.5652791
              ],
              [
                19.4123177,
                43.5652014
              ],
              [
                19.4123734,
                43.5650807
              ],
              [
                19.4123908,
                43.5649141
              ],
              [
                19.4123589,
                43.5646901
              ],
              [
                19.4123289,
                43.5645434
              ],
              [
                19.4121696,
                43.5643363
              ],
              [
                19.411898,
                43.5640997
              ],
              [
                19.4115725,
                43.5638367
              ],
              [
                19.411376,
                43.563515
              ],
              [
                19.4110119,
                43.5633056
              ],
              [
                19.410564,
                43.5630877
              ],
              [
                19.4105355,
                43.5630267
              ],
              [
                19.4106235,
                43.5629193
              ],
              [
                19.4106351,
                43.5627689
              ],
              [
                19.410614,
                43.5626797
              ],
              [
                19.4105525,
                43.5625527
              ],
              [
                19.4105681,
                43.5623087
              ],
              [
                19.4105385,
                43.5622885
              ],
              [
                19.410377,
                43.5622513
              ],
              [
                19.4101165,
                43.5620053
              ],
              [
                19.4098574,
                43.561733
              ],
              [
                19.4098286,
                43.5616406
              ],
              [
                19.4099471,
                43.5615202
              ],
              [
                19.4100567,
                43.5613784
              ],
              [
                19.4100682,
                43.5613091
              ],
              [
                19.4100638,
                43.5612487
              ],
              [
                19.4100786,
                43.5611848
              ],
              [
                19.4100855,
                43.5610983
              ],
              [
                19.4100893,
                43.5609522
              ],
              [
                19.4100603,
                43.560852
              ],
              [
                19.4098411,
                43.5602762
              ],
              [
                19.4097975,
                43.560214
              ],
              [
                19.4097255,
                43.5600571
              ],
              [
                19.4096566,
                43.5597816
              ],
              [
                19.409668,
                43.5597609
              ],
              [
                19.4096295,
                43.5597272
              ],
              [
                19.4096031,
                43.55968
              ],
              [
                19.4095741,
                43.5596658
              ],
              [
                19.4096431,
                43.5593886
              ],
              [
                19.4095062,
                43.5592961
              ],
              [
                19.4093634,
                43.5591458
              ],
              [
                19.4093637,
                43.5590648
              ],
              [
                19.4093562,
                43.5590268
              ],
              [
                19.4092896,
                43.5589434
              ],
              [
                19.4092372,
                43.5588879
              ],
              [
                19.4091918,
                43.5588689
              ],
              [
                19.4091928,
                43.5587796
              ],
              [
                19.4091847,
                43.5586926
              ],
              [
                19.4092753,
                43.5583121
              ],
              [
                19.4092822,
                43.5582206
              ],
              [
                19.4092672,
                43.5581523
              ],
              [
                19.4092035,
                43.557956
              ],
              [
                19.4091702,
                43.5578922
              ],
              [
                19.4090703,
                43.5576726
              ],
              [
                19.4089754,
                43.5575423
              ],
              [
                19.4088461,
                43.5574292
              ],
              [
                19.4085701,
                43.5572282
              ],
              [
                19.4084078,
                43.5570932
              ],
              [
                19.4083334,
                43.5570078
              ],
              [
                19.4082522,
                43.5567998
              ],
              [
                19.4082145,
                43.5567218
              ],
              [
                19.4080796,
                43.556521
              ],
              [
                19.4079452,
                43.5564111
              ],
              [
                19.4079314,
                43.5563301
              ],
              [
                19.4081368,
                43.5562786
              ],
              [
                19.4082471,
                43.5561956
              ],
              [
                19.4082547,
                43.5561368
              ],
              [
                19.4081747,
                43.5557851
              ],
              [
                19.408186,
                43.555625
              ],
              [
                19.4081119,
                43.5554834
              ],
              [
                19.4080138,
                43.5551558
              ],
              [
                19.4077939,
                43.5550716
              ],
              [
                19.4073628,
                43.5550538
              ],
              [
                19.4073091,
                43.555061
              ],
              [
                19.4066852,
                43.5548199
              ],
              [
                19.4066695,
                43.5547856
              ],
              [
                19.406307,
                43.5547698
              ],
              [
                19.4060248,
                43.554799
              ],
              [
                19.4058152,
                43.5547997
              ],
              [
                19.4056801,
                43.5547426
              ],
              [
                19.4054692,
                43.5546901
              ],
              [
                19.4050647,
                43.5546731
              ],
              [
                19.4048627,
                43.5546513
              ],
              [
                19.4043054,
                43.5546053
              ],
              [
                19.4040844,
                43.5545528
              ],
              [
                19.4036093,
                43.5543272
              ],
              [
                19.4031334,
                43.5541714
              ],
              [
                19.4029348,
                43.5540471
              ],
              [
                19.4024451,
                43.5539498
              ],
              [
                19.4020271,
                43.5539793
              ],
              [
                19.4017341,
                43.5540582
              ],
              [
                19.4014852,
                43.5542119
              ],
              [
                19.4012109,
                43.5543641
              ],
              [
                19.4011529,
                43.5543721
              ],
              [
                19.4010477,
                43.5542999
              ],
              [
                19.4008791,
                43.5542752
              ],
              [
                19.4006388,
                43.5543087
              ],
              [
                19.4004473,
                43.5543294
              ],
              [
                19.400291,
                43.5543513
              ],
              [
                19.400119,
                43.5544074
              ],
              [
                19.4000354,
                43.5544299
              ],
              [
                19.3999623,
                43.55444
              ],
              [
                19.3998486,
                43.5544322
              ],
              [
                19.3996635,
                43.5544069
              ],
              [
                19.399339,
                43.5543539
              ],
              [
                19.3988596,
                43.554369
              ],
              [
                19.3986267,
                43.5543859
              ],
              [
                19.3982667,
                43.5545142
              ],
              [
                19.3982174,
                43.5543778
              ],
              [
                19.3981297,
                43.5542892
              ],
              [
                19.3978944,
                43.5541717
              ],
              [
                19.397712,
                43.5540571
              ],
              [
                19.3975838,
                43.5540115
              ],
              [
                19.3974572,
                43.5540289
              ],
              [
                19.3973358,
                43.554067
              ],
              [
                19.3967503,
                43.5541491
              ],
              [
                19.3965932,
                43.5541929
              ],
              [
                19.3962212,
                43.554072
              ],
              [
                19.3959168,
                43.5540774
              ],
              [
                19.3957324,
                43.554058
              ],
              [
                19.395455,
                43.5540099
              ],
              [
                19.395132,
                43.5539388
              ],
              [
                19.3953934,
                43.553833
              ],
              [
                19.3956181,
                43.5537365
              ],
              [
                19.3957822,
                43.5536944
              ],
              [
                19.3959258,
                43.5535984
              ],
              [
                19.3960006,
                43.5535946
              ],
              [
                19.3961324,
                43.5536062
              ],
              [
                19.3963678,
                43.5535459
              ],
              [
                19.3965232,
                43.553522
              ],
              [
                19.3966435,
                43.5534777
              ],
              [
                19.3967373,
                43.5534177
              ],
              [
                19.3968496,
                43.5532853
              ],
              [
                19.3969432,
                43.5532165
              ],
              [
                19.3970433,
                43.5531613
              ],
              [
                19.3971431,
                43.5531272
              ],
              [
                19.3972447,
                43.5531138
              ],
              [
                19.3973722,
                43.5531258
              ],
              [
                19.3976605,
                43.5531635
              ],
              [
                19.3977518,
                43.5531697
              ],
              [
                19.3978402,
                43.5531466
              ],
              [
                19.3979195,
                43.5530896
              ],
              [
                19.3980296,
                43.5529323
              ],
              [
                19.3980986,
                43.552852
              ],
              [
                19.3982241,
                43.552765
              ],
              [
                19.3983261,
                43.5527152
              ],
              [
                19.3986299,
                43.5526305
              ],
              [
                19.398716,
                43.5525955
              ],
              [
                19.3988296,
                43.5525118
              ],
              [
                19.3988841,
                43.5524257
              ],
              [
                19.398981,
                43.5523244
              ],
              [
                19.3990904,
                43.5522406
              ],
              [
                19.3991702,
                43.5521881
              ],
              [
                19.3993082,
                43.5521187
              ],
              [
                19.3994241,
                43.552054
              ],
              [
                19.3994792,
                43.5519856
              ],
              [
                19.3995467,
                43.5518434
              ],
              [
                19.4000688,
                43.5518341
              ],
              [
                19.4001227,
                43.5518054
              ],
              [
                19.400218,
                43.5517277
              ],
              [
                19.4002845,
                43.5517107
              ],
              [
                19.4004279,
                43.5517
              ],
              [
                19.4005463,
                43.5516559
              ],
              [
                19.4006502,
                43.5515928
              ],
              [
                19.4007153,
                43.5515213
              ],
              [
                19.4007559,
                43.5514414
              ],
              [
                19.400894,
                43.5513778
              ],
              [
                19.4010363,
                43.5513217
              ],
              [
                19.4012245,
                43.551265
              ],
              [
                19.40136,
                43.551216
              ],
              [
                19.40148,
                43.5511557
              ],
              [
                19.4015512,
                43.5510857
              ],
              [
                19.4016226,
                43.5509346
              ],
              [
                19.4018319,
                43.5507082
              ],
              [
                19.4019125,
                43.5506071
              ],
              [
                19.4019663,
                43.5504843
              ],
              [
                19.4020218,
                43.5504336
              ],
              [
                19.4021099,
                43.5503913
              ],
              [
                19.4023142,
                43.5503828
              ],
              [
                19.402808,
                43.5503812
              ],
              [
                19.4028867,
                43.5503714
              ],
              [
                19.4030051,
                43.5503287
              ],
              [
                19.4030806,
                43.5502659
              ],
              [
                19.4031317,
                43.550202
              ],
              [
                19.4031561,
                43.5501178
              ],
              [
                19.4031517,
                43.5500163
              ],
              [
                19.4031783,
                43.5499438
              ],
              [
                19.4032578,
                43.5498796
              ],
              [
                19.4033399,
                43.5498388
              ],
              [
                19.4035203,
                43.5497659
              ],
              [
                19.4038147,
                43.5496882
              ],
              [
                19.4039189,
                43.5496727
              ],
              [
                19.4040173,
                43.5496417
              ],
              [
                19.4040872,
                43.5495984
              ],
              [
                19.4041932,
                43.5495427
              ],
              [
                19.4042778,
                43.5495225
              ],
              [
                19.4044964,
                43.5495257
              ],
              [
                19.4046686,
                43.5495354
              ],
              [
                19.404806,
                43.5495175
              ],
              [
                19.4050446,
                43.5495086
              ],
              [
                19.4053825,
                43.5495045
              ],
              [
                19.4054905,
                43.5495341
              ],
              [
                19.4056002,
                43.5495518
              ],
              [
                19.4057259,
                43.54951
              ],
              [
                19.4058567,
                43.5494457
              ],
              [
                19.4060314,
                43.5493861
              ],
              [
                19.4062828,
                43.5493138
              ],
              [
                19.4065789,
                43.5492513
              ],
              [
                19.4066907,
                43.5492141
              ],
              [
                19.4073641,
                43.5489592
              ],
              [
                19.4074954,
                43.5488958
              ],
              [
                19.4076555,
                43.5488081
              ],
              [
                19.4077785,
                43.5487021
              ],
              [
                19.4080466,
                43.5484824
              ],
              [
                19.408156,
                43.548403
              ],
              [
                19.4082212,
                43.5483345
              ],
              [
                19.408298,
                43.5482437
              ],
              [
                19.4083718,
                43.5481103
              ],
              [
                19.4083994,
                43.5479907
              ],
              [
                19.4084031,
                43.5478891
              ],
              [
                19.4085293,
                43.5478359
              ],
              [
                19.4088701,
                43.5477787
              ],
              [
                19.4092776,
                43.5477208
              ],
              [
                19.409362,
                43.5476932
              ],
              [
                19.4094574,
                43.5476199
              ],
              [
                19.409568,
                43.5475935
              ],
              [
                19.4098646,
                43.547556
              ],
              [
                19.409957,
                43.5475209
              ],
              [
                19.4100737,
                43.547493
              ],
              [
                19.4101404,
                43.5474878
              ],
              [
                19.410227,
                43.5474734
              ],
              [
                19.4105036,
                43.5474635
              ],
              [
                19.41066,
                43.5474666
              ],
              [
                19.4107144,
                43.5474527
              ],
              [
                19.4107977,
                43.547381
              ],
              [
                19.4112858,
                43.5470466
              ],
              [
                19.4113656,
                43.547
              ],
              [
                19.4112372,
                43.5469183
              ],
              [
                19.4115745,
                43.5461422
              ],
              [
                19.4117139,
                43.5458062
              ],
              [
                19.4117619,
                43.5451463
              ],
              [
                19.412163,
                43.5437361
              ],
              [
                19.4122873,
                43.5429737
              ],
              [
                19.4125898,
                43.5425582
              ],
              [
                19.4130086,
                43.5419049
              ],
              [
                19.4131735,
                43.541142
              ],
              [
                19.4133897,
                43.5408328
              ],
              [
                19.4136031,
                43.5402946
              ],
              [
                19.4139835,
                43.5398485
              ],
              [
                19.414064,
                43.5398199
              ],
              [
                19.4141911,
                43.5399327
              ],
              [
                19.4145712,
                43.5400149
              ],
              [
                19.4151197,
                43.5400191
              ],
              [
                19.4156605,
                43.5401324
              ],
              [
                19.4158138,
                43.5401749
              ],
              [
                19.4161651,
                43.5403293
              ],
              [
                19.4162716,
                43.5404277
              ],
              [
                19.4163559,
                43.5404506
              ],
              [
                19.4168489,
                43.5404741
              ],
              [
                19.4171535,
                43.5405829
              ],
              [
                19.4175571,
                43.5405798
              ],
              [
                19.4176428,
                43.5405565
              ],
              [
                19.4183964,
                43.5406469
              ],
              [
                19.4188216,
                43.5409187
              ],
              [
                19.4190738,
                43.540849
              ],
              [
                19.4197184,
                43.5410552
              ],
              [
                19.4201863,
                43.5413042
              ],
              [
                19.4204591,
                43.541467
              ],
              [
                19.4205798,
                43.5416317
              ],
              [
                19.4206969,
                43.5418592
              ],
              [
                19.4207676,
                43.5419525
              ],
              [
                19.4208562,
                43.5419422
              ],
              [
                19.4210736,
                43.5416902
              ],
              [
                19.421423,
                43.5419702
              ],
              [
                19.4215848,
                43.5423707
              ],
              [
                19.4215861,
                43.5424262
              ],
              [
                19.421767,
                43.5429945
              ],
              [
                19.4218724,
                43.5434825
              ],
              [
                19.4223659,
                43.5437404
              ],
              [
                19.4229342,
                43.5441581
              ],
              [
                19.4231264,
                43.5444455
              ],
              [
                19.4231963,
                43.5446127
              ],
              [
                19.4234532,
                43.5450675
              ],
              [
                19.4234273,
                43.5453688
              ],
              [
                19.4235069,
                43.5455138
              ],
              [
                19.4241451,
                43.5458732
              ],
              [
                19.4244092,
                43.5462259
              ],
              [
                19.4243602,
                43.5465218
              ],
              [
                19.4249488,
                43.5473926
              ],
              [
                19.4255892,
                43.5482452
              ],
              [
                19.4258582,
                43.5488723
              ],
              [
                19.425783,
                43.5496691
              ],
              [
                19.4259858,
                43.5498635
              ],
              [
                19.426058,
                43.5498993
              ],
              [
                19.4261285,
                43.5499305
              ],
              [
                19.4262376,
                43.5499787
              ],
              [
                19.4264785,
                43.5501162
              ],
              [
                19.4265366,
                43.5501534
              ],
              [
                19.4269499,
                43.5503765
              ],
              [
                19.4270606,
                43.5504888
              ],
              [
                19.4272023,
                43.5505748
              ],
              [
                19.4273756,
                43.5506984
              ],
              [
                19.4276795,
                43.5510283
              ],
              [
                19.4277081,
                43.5510548
              ],
              [
                19.4280125,
                43.5516185
              ],
              [
                19.4281877,
                43.5518797
              ],
              [
                19.428393,
                43.5523375
              ],
              [
                19.4286153,
                43.5527618
              ],
              [
                19.4289885,
                43.5532775
              ],
              [
                19.4289176,
                43.5535068
              ],
              [
                19.428719,
                43.554026
              ],
              [
                19.4285509,
                43.5545522
              ],
              [
                19.4285287,
                43.5549555
              ],
              [
                19.4285502,
                43.5550138
              ],
              [
                19.4285939,
                43.5551322
              ],
              [
                19.4283684,
                43.5553245
              ],
              [
                19.4282144,
                43.555637
              ],
              [
                19.4281299,
                43.5558248
              ],
              [
                19.4280667,
                43.5560604
              ],
              [
                19.4280548,
                43.5561983
              ],
              [
                19.4280514,
                43.5564331
              ],
              [
                19.4279745,
                43.5565663
              ],
              [
                19.4277984,
                43.5566961
              ],
              [
                19.4274881,
                43.556797
              ],
              [
                19.4270603,
                43.5569262
              ],
              [
                19.426753,
                43.5569929
              ],
              [
                19.4264401,
                43.5570939
              ],
              [
                19.4263019,
                43.5571056
              ],
              [
                19.425863,
                43.5571427
              ],
              [
                19.4256663,
                43.5571722
              ],
              [
                19.4254197,
                43.5572092
              ],
              [
                19.4252676,
                43.5573378
              ],
              [
                19.4252027,
                43.5573876
              ],
              [
                19.4248661,
                43.5577218
              ],
              [
                19.4244971,
                43.5580231
              ],
              [
                19.4244064,
                43.5581139
              ],
              [
                19.4242612,
                43.5582055
              ],
              [
                19.4241324,
                43.5582985
              ],
              [
                19.4239853,
                43.5584224
              ],
              [
                19.4237937,
                43.5585949
              ],
              [
                19.4237291,
                43.5586567
              ],
              [
                19.4235979,
                43.5588099
              ],
              [
                19.4234315,
                43.5590293
              ],
              [
                19.4235223,
                43.5591631
              ],
              [
                19.4235765,
                43.5594073
              ],
              [
                19.4236715,
                43.5596687
              ],
              [
                19.4236979,
                43.559758
              ],
              [
                19.423803,
                43.5600091
              ],
              [
                19.4237884,
                43.5602006
              ],
              [
                19.4237872,
                43.5602733
              ],
              [
                19.4237841,
                43.5604539
              ],
              [
                19.4241803,
                43.5609703
              ],
              [
                19.424476,
                43.5613282
              ],
              [
                19.424529,
                43.5616362
              ],
              [
                19.4243916,
                43.5620622
              ],
              [
                19.4243229,
                43.5623284
              ],
              [
                19.424354,
                43.5626247
              ],
              [
                19.4242312,
                43.5628611
              ],
              [
                19.4241601,
                43.5632936
              ],
              [
                19.424051,
                43.5637323
              ],
              [
                19.4240522,
                43.5638404
              ],
              [
                19.4240742,
                43.5641221
              ],
              [
                19.4241139,
                43.5644016
              ],
              [
                19.4242228,
                43.5648708
              ],
              [
                19.424233,
                43.5650907
              ],
              [
                19.4242902,
                43.5655208
              ],
              [
                19.4244974,
                43.5660506
              ],
              [
                19.424572,
                43.566254
              ],
              [
                19.4245912,
                43.5663675
              ],
              [
                19.4246265,
                43.5666767
              ],
              [
                19.4246054,
                43.5669653
              ],
              [
                19.42443,
                43.5672939
              ],
              [
                19.4242251,
                43.567607
              ],
              [
                19.4239441,
                43.5679267
              ],
              [
                19.4236066,
                43.568272
              ],
              [
                19.4235557,
                43.5683658
              ]
            ]
          ]
        ]
      }
    },
    {
      "type": "Feature",
      "properties": {
        "name": "Serbia",
        "country_code": "RS",
        "osm_id": "relation/1741311",
        "source": "OpenStreetMap contributors"
      },
      "geometry": {
        "type": "Polygon",
        "coordinates": [
          [
            [
              18.8149945,
              45.9094145
            ],
            [
              19.0088503,
              45.9232971
            ],
            [
              19.10459,
              46.0400025
            ],
            [
              19.147739,
              45.9961247
            ],
            [
              19.2965383,
              45.9877968
            ],
            [
              19.2816008,
              46.0145217
            ],
            [
              19.4154393,
              46.0457307
            ],
            [
              19.5676294,
              46.1787179
            ],
            [
              19.6980954,
              46.18793
            ],
            [
              19.8178337,
              46.1277866
            ],
            [
              19.9351389,
              46.1761932
            ],
            [
              20.1818248,
              46.1600487
            ],
            [
              20.2828875,
              46.117612
            ],
            [
              20.3483767,
              45.9995822
            ],
            [
              20.4829321,
              45.9534269
            ],
            [
              20.5158163,
              45.892108
            ],
            [
              20.5693028,
              45.910146
            ],
            [
              20.700651,
              45.7505625
            ],
            [
              20.8230651,
              45.7750927
            ],
            [
              20.7657906,
              45.6126216
            ],
            [
              20.8325729,
              45.5358913
            ],
            [
              20.7710472,
              45.479921
            ],
            [
              20.8663857,
              45.4651796
            ],
            [
              21.0165684,
              45.3246306
            ],
            [
              21.1759441,
              45.3251585
            ],
            [
              21.2189845,
              45.2505828
            ],
            [
              21.5148216,
              45.1711547
            ],
            [
              21.4560509,
              45.0404095
            ],
            [
              21.3602313,
              45.0204424
            ],
            [
              21.5601308,
              44.8890047
            ],
            [
              21.3670599,
              44.8644869
            ],
            [
              21.3959781,
              44.7796494
            ],
            [
              21.5861348,
              44.7593526
            ],
            [
              21.6370869,
              44.6597321
            ],
            [
              21.9928866,
              44.6327361
            ],
            [
              22.1366379,
              44.4708187
            ],
            [
              22.3084322,
              44.6586922
            ],
            [
              22.4614305,
              44.7152299
            ],
            [
              22.7543853,
              44.5650347
            ],
            [
              22.6991218,
              44.5167015
            ],
            [
              22.5859953,
              44.5497441
            ],
            [
              22.5482365,
              44.4812542
            ],
            [
              22.4581737,
              44.47184
            ],
            [
              22.527209,
              44.3364021
            ],
            [
              22.684418,
              44.2509938
            ],
            [
              22.6130263,
              44.1655864
            ],
            [
              22.6212624,
              44.0633924
            ],
            [
              22.4094658,
              44.0042054
            ],
            [
              22.3571459,
              43.8095297
            ],
            [
              22.4079954,
              43.695766
            ],
            [
              22.4918274,
              43.6392006
            ],
            [
              22.5335546,
              43.4711817
            ],
            [
              22.7666704,
              43.3774063
            ],
            [
              22.8963501,
              43.226793
            ],
            [
              23.006264,
              43.187024
            ],
            [
              22.9832371,
              43.1114847
            ],
            [
              22.7838366,
              42.9816314
            ],
            [
              22.7446464,
              42.8861453
            ],
            [
              22.5841018,
              42.8921994
            ],
            [
              22.4396577,
              42.8232861
            ],
            [
              22.5013529,
              42.7396433
            ],
            [
              22.4390112,
              42.5658784
            ],
            [
              22.5588053,
              42.485069
            ],
            [
              22.5211422,
              42.3978089
            ],
            [
              22.3602199,
              42.3110963
            ],
            [
              22.2939827,
              42.3739044
            ],
            [
              22.166495,
              42.3122876
            ],
            [
              22.0318972,
              42.2981265
            ],
            [
              21.9459934,
              42.3445886
            ],
            [
              21.6991536,
              42.2324719
            ],
            [
              21.6009174,
              42.2542782
            ],
            [
              21.5318851,
              42.3664485
            ],
            [
              21.6206634,
              42.3779967
            ],
            [
              21.6224147,
              42.4531326
            ],
            [
              21.7899366,
              42.6512633
            ],
            [
              21.7523857,
              42.7012882
            ],
            [
              21.6603747,
              42.6654699
            ],
            [
              21.5594837,
              42.7377157
            ],
            [
              21.3929772,
              42.7451477
            ],
            [
              21.4351024,
              42.8722589
            ],
            [
              21.2711535,
              42.8971962
            ],
            [
              21.2251759,
              43.0203621
            ],
            [
              21.1710629,
              43.0004598
            ],
            [
              21.1372414,
              43.1134812
            ],
            [
              20.8387379,
              43.172854
            ],
            [
              20.8893661,
              43.2037179
            ],
            [
              20.828408,
              43.2657868
            ],
            [
              20.6005244,
              43.2108115
            ],
            [
              20.6927119,
              43.1092846
            ],
            [
              20.6694797,
              43.0353489
            ],
            [
              20.4995879,
              42.9567718
            ],
            [
              20.5382796,
              42.8831746
            ],
            [
              20.3560026,
              42.8322469
            ],
            [
              20.3455661,
              42.9112175
            ],
            [
              20.1488266,
              42.9888872
            ],
            [
              20.117517,
              42.9654086
            ],
            [
              19.969864,
              43.1128481
            ],
            [
              19.8386864,
              43.0940419
            ],
            [
              19.7702576,
              43.1655287
            ],
            [
              19.6406583,
              43.1889846
            ],
            [
              19.4485469,
              43.3881075
            ],
            [
              19.2214317,
              43.4831727
            ],
            [
              19.2635557,
              43.6068251
            ],
            [
              19.4807316,
              43.5717197
            ],
            [
              19.531784,
              43.6677733
            ],
            [
              19.235647,
              44.011799
            ],
            [
              19.5237226,
              43.9558159
            ],
            [
              19.6236344,
              44.0509091
            ],
            [
              19.3590688,
              44.1843144
            ],
            [
              19.3251712,
              44.271251
            ],
            [
              19.1653548,
              44.2845839
            ],
            [
              19.1027581,
              44.3712512
            ],
            [
              19.1470719,
              44.4152837
            ],
            [
              19.128432,
              44.5199166
            ],
            [
              19.3038004,
              44.6890807
            ],
            [
              19.3306311,
              44.7479659
            ],
            [
              19.2945704,
              44.7858025
            ],
            [
              19.3713224,
              44.8789249
            ],
            [
              19.177062,
              44.9217268
            ],
            [
              19.0214147,
              44.8553961
            ],
            [
              18.9889925,
              44.9058922
            ],
            [
              19.1560553,
              44.9530174
            ],
            [
              19.0518498,
              44.9777429
            ],
            [
              19.1027625,
              45.0108636
            ],
            [
              19.0864604,
              45.1453962
            ],
            [
              19.1419453,
              45.1297204
            ],
            [
              19.1715618,
              45.2002354
            ],
            [
              19.2875765,
              45.1706399
            ],
            [
              19.3195913,
              45.2077211
            ],
            [
              19.3546453,
              45.1646381
            ],
            [
              19.4472713,
              45.1959112
            ],
            [
              18.9741017,
              45.3739428
            ],
            [
              19.0302405,
              45.4120835
            ],
            [
              18.9991548,
              45.4928807
            ],
            [
              19.1008826,
              45.5122492
            ],
            [
              18.8892105,
              45.5660708
            ],
            [
              18.9667805,
              45.66969
            ],
            [
              18.8502656,
              45.7954274
            ],
            [
              18.8149945,
              45.9094145
            ]
          ],
          [
            [
              19.4285939,
              43.5551322
            ],
            [
              19.4283684,
              43.5553245
            ],
            [
              19.4282144,
              43.555637
            ],
            [
              19.4281299,
              43.5558248
            ],
            [
              19.4280667,
              43.5560604
            ],
            [
              19.4280548,
              43.5561983
            ],
            [
              19.4280514,
              43.5564331
            ],
            [
              19.4279745,
              43.5565663
            ],
            [
              19.4277984,
              43.5566961
            ],
            [
              19.4274881,
              43.556797
            ],
            [
              19.4270603,
              43.5569262
            ],
            [
              19.426753,
              43.5569929
            ],
            [
              19.4264401,
              43.5570939
            ],
            [
              19.4263019,
              43.5571056
            ],
            [
              19.425863,
              43.5571427
            ],
            [
              19.4256663,
              43.5571722
            ],
            [
              19.4254197,
              43.5572092
            ],
            [
              19.4252676,
              43.5573378
            ],
            [
              19.4252027,
              43.5573876
            ],
            [
              19.4248661,
              43.5577218
            ],
            [
              19.4244971,
              43.5580231
            ],
            [
              19.4244064,
              43.5581139
            ],
            [
              19.4242612,
              43.5582055
            ],
            [
              19.4241324,
              43.5582985
            ],
            [
              19.4239853,
              43.5584224
            ],
            [
              19.4237937,
              43.5585949
            ],
            [
              19.4237291,
              43.5586567
            ],
            [
              19.4235979,
              43.5588099
            ],
            [
              19.4234315,
              43.5590293
            ],
            [
              19.4235223,
              43.5591631
            ],
            [
              19.4235765,
              43.5594073
            ],
            [
              19.4236715,
              43.5596687
            ],
            [
              19.4236979,
              43.559758
            ],
            [
              19.423803,
              43.5600091
            ],
            [
              19.4237884,
              43.5602006
            ],
            [
              19.4237872,
              43.5602733
            ],
            [
              19.4237841,
              43.5604539
            ],
            [
              19.4241803,
              43.5609703
            ],
            [
              19.424476,
              43.5613282
            ],
            [
              19.424529,
              43.5616362
            ],
            [
              19.4243916,
              43.5620622
            ],
            [
              19.4243229,
              43.5623284
            ],
            [
              19.424354,
              43.5626247
            ],
            [
              19.4242312,
              43.5628611
            ],
            [
              19.4241601,
              43.5632936
            ],
            [
              19.424051,
              43.5637323
            ],
            [
              19.4240522,
              43.5638404
            ],
            [
              19.4240742,
              43.5641221
            ],
            [
              19.4241139,
              43.5644016
            ],
            [
              19.4242228,
              43.5648708
            ],
            [
              19.424233,
              43.5650907
            ],
            [
              19.4242902,
              43.5655208
            ],
            [
              19.4244974,
              43.5660506
            ],
            [
              19.424572,
              43.566254
            ],
            [
              19.4245912,
              43.5663675
            ],
            [
              19.4246265,
              43.5666767
            ],
            [
              19.4246054,
              43.5669653
            ],
            [
              19.42443,
              43.5672939
            ],
            [
              19.4242251,
              43.567607
            ],
            [
              19.4239441,
              43.5679267
            ],
            [
              19.4236066,
              43.568272
            ],
            [
              19.4235557,
              43.5683658
            ],
            [
              19.4232782,
              43.5683738
            ],
            [
              19.422738,
              43.5682033
            ],
            [
              19.4220174,
              43.5683506
            ],
            [
              19.4214173,
              43.5683713
            ],
            [
              19.421056,
              43.5683123
            ],
            [
              19.420669,
              43.5682566
            ],
            [
              19.4200043,
              43.5680119
            ],
            [
              19.4194238,
              43.5680031
            ],
            [
              19.4193937,
              43.5679996
            ],
            [
              19.4185944,
              43.5677814
            ],
            [
              19.4151542,
              43.5669413
            ],
            [
              19.4148752,
              43.5665606
            ],
            [
              19.4145221,
              43.5664181
            ],
            [
              19.4141282,
              43.5663967
            ],
            [
              19.4136245,
              43.5661947
            ],
            [
              19.4133535,
              43.5659135
            ],
            [
              19.4130643,
              43.5657719
            ],
            [
              19.4125575,
              43.5656012
            ],
            [
              19.4122056,
              43.5654691
            ],
            [
              19.4122283,
              43.5652791
            ],
            [
              19.4123177,
              43.5652014
            ],
            [
              19.4123734,
              43.5650807
            ],
            [
              19.4123908,
              43.5649141
            ],
            [
              19.4123589,
              43.5646901
            ],
            [
              19.4123289,
              43.5645434
            ],
            [
              19.4121696,
              43.5643363
            ],
            [
              19.411898,
              43.5640997
            ],
            [
              19.4115725,
              43.5638367
            ],
            [
              19.411376,
              43.563515
            ],
            [
              19.4110119,
              43.5633056
            ],
            [
              19.410564,
              43.5630877
            ],
            [
              19.4105355,
              43.5630267
            ],
            [
              19.4106235,
              43.5629193
            ],
            [
              19.4106351,
              43.5627689
            ],
            [
              19.410614,
              43.5626797
            ],
            [
              19.4105525,
              43.5625527
            ],
            [
              19.4105681,
              43.5623087
            ],
            [
              19.4105385,
              43.5622885
            ],
            [
              19.410377,
              43.5622513
            ],
            [
              19.4101165,
              43.5620053
            ],
            [
              19.4098574,
              43.561733
            ],
            [
              19.4098286,
              43.5616406
            ],
            [
              19.4099471,
              43.5615202
            ],
            [
              19.4100567,
              43.5613784
            ],
            [
              19.4100682,
              43.5613091
            ],
            [
              19.4100638,
              43.5612487
            ],
            [
              19.4100786,
              43.5611848
            ],
            [
              19.4100855,
              43.5610983
            ],
            [
              19.4100893,
              43.5609522
            ],
            [
              19.4100603,
              43.560852
            ],
            [
              19.4098411,
              43.5602762
            ],
            [
              19.4097975,
              43.560214
            ],
            [
              19.4097255,
              43.5600571
            ],
            [
              19.4096566,
              43.5597816
            ],
            [
              19.409668,
              43.5597609
            ],
            [
              19.4096295,
              43.5597272
            ],
            [
              19.4096031,
              43.55968
            ],
            [
              19.4095741,
              43.5596658
            ],
            [
              19.4096431,
              43.5593886
            ],
            [
              19.4095062,
              43.5592961
            ],
            [
              19.4093634,
              43.5591458
            ],
            [
              19.4093637,
              43.5590648
            ],
            [
              19.4093562,
              43.5590268
            ],
            [
              19.4092896,
              43.5589434
            ],
            [
              19.4092372,
              43.5588879
            ],
            [
              19.4091918,
              43.5588689
            ],
            [
              19.4091928,
              43.5587796
            ],
            [
              19.4091847,
              43.5586926
            ],
            [
              19.4092753,
              43.5583121
            ],
            [
              19.4092822,
              43.5582206
            ],
            [
              19.4092672,
              43.5581523
            ],
            [
              19.4092035,
              43.557956
            ],
            [
              19.4091702,
              43.5578922
            ],
            [
              19.4090703,
              43.5576726
            ],
            [
              19.4089754,
              43.5575423
            ],
            [
              19.4088461,
              43.5574292
            ],
            [
              19.4085701,
              43.5572282
            ],
            [
              19.4084078,
              43.5570932
            ],
            [
              19.4083334,
              43.5570078
            ],
            [
              19.4082522,
              43.5567998
            ],
            [
              19.4082145,
              43.5567218
            ],
            [
              19.4080796,
              43.556521
            ],
            [
              19.4079452,
              43.5564111
            ],
            [
              19.4079314,
              43.5563301
            ],
            [
              19.4081368,
              43.5562786
            ],
            [
              19.4082471,
              43.5561956
            ],
            [
              19.4082547,
              43.5561368
            ],
            [
              19.4081747,
              43.5557851
            ],
            [
              19.408186,
              43.555625
            ],
            [
              19.4081119,
              43.5554834
            ],
            [
              19.4080138,
              43.5551558
            ],
            [
              19.4077939,
              43.5550716
            ],
            [
              19.4073628,
              43.5550538
            ],
            [
              19.4073091,
              43.555061
            ],
            [
              19.4066852,
              43.5548199
            ],
            [
              19.4066695,
              43.5547856
            ],
            [
              19.406307,
              43.5547698
            ],
            [
              19.4060248,
              43.554799
            ],
            [
              19.4058152,
              43.5547997
            ],
            [
              19.4056801,
              43.5547426
            ],
            [
              19.4054692,
              43.5546901
            ],
            [
              19.4050647,
              43.5546731
            ],
            [
              19.4048627,
              43.5546513
            ],
            [
              19.4043054,
              43.5546053
            ],
            [
              19.4040844,
              43.5545528
            ],
            [
              19.4036093,
              43.5543272
            ],
            [
              19.4031334,
              43.5541714
            ],
            [
              19.4029348,
              43.5540471
            ],
            [
              19.4024451,
              43.5539498
            ],
            [
              19.4020271,
              43.5539793
            ],
            [
              19.4017341,
              43.5540582
            ],
            [
              19.4014852,
              43.5542119
            ],
            [
              19.4012109,
              43.5543641
            ],
            [
              19.4011529,
              43.5543721
            ],
            [
              19.4010477,
              43.5542999
            ],
            [
              19.4008791,
              43.5542752
            ],
            [
              19.4006388,
              43.5543087
            ],
            [
              19.4004473,
              43.5543294
            ],
            [
              19.400291,
              43.5543513
            ],
            [
              19.400119,
              43.5544074
            ],
            [
              19.4000354,
              43.5544299
            ],
            [
              19.3999623,
              43.55444
            ],
            [
              19.3998486,
              43.5544322
            ],
            [
              19.3996635,
              43.5544069
            ],
            [
              19.399339,
              43.5543539
            ],
            [
              19.3988596,
              43.554369
            ],
            [
              19.3986267,
              43.5543859
            ],
            [
              19.3982667,
              43.5545142
            ],
            [
              19.3982174,
              43.5543778
            ],
            [
              19.3981297,
              43.5542892
            ],
            [
              19.3978944,
              43.5541717
            ],
            [
              19.397712,
              43.5540571
            ],
            [
              19.3975838,
              43.5540115
            ],
            [
              19.3974572,
              43.5540289
            ],
            [
              19.3973358,
              43.554067
            ],
            [
              19.3967503,
              43.5541491
            ],
            [
              19.3965932,
              43.5541929
            ],
            [
              19.3962212,
              43.554072
            ],
            [
              19.3959168,
              43.5540774
            ],
            [
              19.3957324,
              43.554058
            ],
            [
              19.395455,
              43.5540099
            ],
            [
              19.395132,
              43.5539388
            ],
            [
              19.3953934,
              43.553833
            ],
            [
              19.3956181,
              43.5537365
            ],
            [
              19.3957822,
              43.5536944
            ],
            [
              19.3959258,
              43.5535984
            ],
            [
              19.3960006,
              43.5535946
            ],
            [
              19.3961324,
              43.5536062
            ],
            [
              19.3963678,
              43.5535459
            ],
            [
              19.3965232,
              43.553522
            ],
            [
              19.3966435,
              43.5534777
            ],
            [
              19.3967373,
              43.5534177
            ],
            [
              19.3968496,
              43.5532853
            ],
            [
              19.3969432,
              43.5532165
            ],
            [
              19.3970433,
              43.5531613
            ],
            [
              19.3971431,
              43.5531272
            ],
            [
              19.3972447,
              43.5531138
            ],
            [
              19.3973722,
              43.5531258
            ],
            [
              19.3976605,
              43.5531635
            ],
            [
              19.3977518,
              43.5531697
            ],
            [
              19.3978402,
              43.5531466
            ],
            [
              19.3979195,
              43.5530896
            ],
            [
              19.3980296,
              43.5529323
            ],
            [
              19.3980986,
              43.552852
            ],
            [
              19.3982241,
              43.552765
            ],
            [
              19.3983261,
              43.5527152
            ],
            [
              19.3986299,
              43.5526305
            ],
            [
              19.398716,
              43.5525955
            ],
            [
              19.3988296,
              43.5525118
            ],
            [
              19.3988841,
              43.5524257
            ],
            [
              19.398981,
              43.5523244
            ],
            [
              19.3990904,
              43.5522406
            ],
            [
              19.3991702,
              43.5521881
            ],
            [
              19.3993082,
              43.5521187
            ],
            [
              19.3994241,
              43.552054
            ],
            [
              19.3994792,
              43.5519856
            ],
            [
              19.3995467,
              43.5518434
            ],
            [
              19.4000688,
              43.5518341
            ],
            [
              19.4001227,
              43.5518054
            ],
            [
              19.400218,
              43.5517277
            ],
            [
              19.4002845,
              43.5517107
            ],
            [
              19.4004279,
              43.5517
            ],
            [
              19.4005463,
              43.5516559
            ],
            [
              19.4006502,
              43.5515928
            ],
            [
              19.4007153,
              43.5515213
            ],
            [
              19.4007559,
              43.5514414
            ],
            [
              19.400894,
              43.5513778
            ],
            [
              19.4010363,
              43.5513217
            ],
            [
              19.4012245,
              43.551265
            ],
            [
              19.40136,
              43.551216
            ],
            [
              19.40148,
              43.5511557
            ],
            [
              19.4015512,
              43.5510857
            ],
            [
              19.4016226,
              43.5509346
            ],
            [
              19.4018319,
              43.5507082
            ],
            [
              19.4019125,
              43.5506071
            ],
            [
              19.4019663,
              43.5504843
            ],
            [
              19.4020218,
              43.5504336
            ],
            [
              19.4021099,
              43.5503913
            ],
            [
              19.4023142,
              43.5503828
            ],
            [
              19.402808,
              43.5503812
            ],
            [
              19.4028867,
              43.5503714
            ],
            [
              19.4030051,
              43.5503287
            ],
            [
              19.4030806,
              43.5502659
            ],
            [
              19.4031317,
              43.550202
            ],
            [
              19.4031561,
              43.5501178
            ],
            [
              19.4031517,
              43.5500163
            ],
            [
              19.4031783,
              43.5499438
            ],
            [
              19.4032578,
              43.5498796
            ],
            [
              19.4033399,
              43.5498388
            ],
            [
              19.4035203,
              43.5497659
            ],
            [
              19.4038147,
              43.5496882
            ],
            [
              19.4039189,
              43.5496727
            ],
            [
              19.4040173,
              43.5496417
            ],
            [
              19.4040872,
              43.5495984
            ],
            [
              19.4041932,
              43.5495427
            ],
            [
              19.4042778,
              43.5495225
            ],
            [
              19.4044964,
              43.5495257
            ],
            [
              19.4046686,
              43.5495354
            ],
            [
              19.404806,
              43.5495175
            ],
            [
              19.4050446,
              43.5495086
            ],
            [
              19.4053825,
              43.5495045
            ],
            [
              19.4054905,
              43.5495341
            ],
            [
              19.4056002,
              43.5495518
            ],
            [
              19.4057259,
              43.54951
            ],
            [
              19.4058567,
              43.5494457
            ],
            [
              19.4060314,
              43.5493861
            ],
            [
              19.4062828,
              43.5493138
            ],
            [
              19.4065789,
              43.5492513
            ],
            [
              19.4066907,
              43.5492141
            ],
            [
              19.4073641,
              43.5489592
            ],
            [
              19.4074954,
              43.5488958
            ],
            [
              19.4076555,
              43.5488081
            ],
            [
              19.4077785,
              43.5487021
            ],
            [
              19.4080466,
              43.5484824
            ],
            [
              19.408156,
              43.548403
            ],
            [
              19.4082212,
              43.5483345
            ],
            [
              19.408298,
              43.5482437
            ],
            [
              19.4083718,
              43.5481103
            ],
            [
              19.4083994,
              43.5479907
            ],
            [
              19.4084031,
              43.5478891
            ],
            [
              19.4085293,
              43.5478359
            ],
            [
              19.4088701,
              43.5477787
            ],
            [
              19.4092776,
              43.5477208
            ],
            [
              19.409362,
              43.5476932
            ],
            [
              19.4094574,
              43.5476199
            ],
            [
              19.409568,
              43.5475935
            ],
            [
              19.4098646,
              43.547556
            ],
            [
              19.409957,
              43.5475209
            ],
            [
              19.4100737,
              43.547493
            ],
            [
              19.4101404,
              43.5474878
            ],
            [
              19.410227,
              43.5474734
            ],
            [
              19.4105036,
              43.5474635
            ],
            [
              19.41066,
              43.5474666
            ],
            [
              19.4107144,
              43.5474527
            ],
            [
              19.4107977,
              43.547381
            ],
            [
              19.4112858,
              43.5470466
            ],
            [
              19.4113656,
              43.547
            ],
            [
              19.4112372,
              43.5469183
            ],
            [
              19.4115745,
              43.5461422
            ],
            [
              19.4117139,
              43.5458062
            ],
            [
              19.4117619,
              43.5451463
            ],
            [
              19.412163,
              43.5437361
            ],
            [
              19.4122873,
              43.5429737
            ],
            [
              19.4125898,
              43.5425582
            ],
            [
              19.4130086,
              43.5419049
            ],
            [
              19.4131735,
              43.541142
            ],
            [
              19.4133897,
              43.5408328
            ],
            [
              19.4136031,
              43.5402946
            ],
            [
              19.4139835,
              43.5398485
            ],
            [
              19.414064,
              43.5398199
            ],
            [
              19.4141911,
              43.5399327
            ],
            [
              19.4145712,
              43.5400149
            ],
            [
              19.4151197,
              43.5400191
            ],
            [
              19.4156605,
              43.5401324
            ],
            [
              19.4158138,
              43.5401749
            ],
            [
              19.4161651,
              43.5403293
            ],
            [
              19.4162716,
              43.5404277
            ],
            [
              19.4163559,
              43.5404506
            ],
            [
              19.4168489,
              43.5404741
            ],
            [
              19.4171535,
              43.5405829
            ],
            [
              19.4175571,
              43.5405798
            ],
            [
              19.4176428,
              43.5405565
            ],
            [
              19.4183964,
              43.5406469
            ],
            [
              19.4188216,
              43.5409187
            ],
            [
              19.4190738,
              43.540849
            ],
            [
              19.4197184,
              43.5410552
            ],
            [
              19.4201863,
              43.5413042
            ],
            [
              19.4204591,
              43.541467
            ],
            [
              19.4205798,
              43.5416317
            ],
            [
              19.4206969,
              43.5418592
            ],
            [
              19.4207676,
              43.5419525
            ],
            [
              19.4208562,
              43.5419422
            ],
            [
              19.4210736,
              43.5416902
            ],
            [
              19.421423,
              43.5419702
            ],
            [
              19.4215848,
              43.5423707
            ],
            [
              19.4215861,
              43.5424262
            ],
            [
              19.421767,
              43.5429945
            ],
            [
              19.4218724,
              43.5434825
            ],
            [
              19.4223659,
              43.5437404
            ],
            [
              19.4229342,
              43.5441581
            ],
            [
              19.4231264,
              43.5444455
            ],
            [
              19.4231963,
              43.5446127
            ],
            [
              19.4234532,
              43.5450675
            ],
            [
              19.4234273,
              43.5453688
            ],
            [
              19.4235069,
              43.5455138
            ],
            [
              19.4241451,
              43.5458732
            ],
            [
              19.4244092,
              43.5462259
            ],
            [
              19.4243602,
              43.5465218
            ],
            [
              19.4249488,
              43.5473926
            ],
            [
              19.4255892,
              43.5482452
            ],
            [
              19.4258582,
              43.5488723
            ],
            [
              19.425783,
              43.5496691
            ],
            [
              19.4259858,
              43.5498635
            ],
            [
              19.426058,
              43.5498993
            ],
            [
              19.4261285,
              43.5499305
            ],
            [
              19.4262376,
              43.5499787
            ],
            [
              19.4264785,
              43.5501162
            ],
            [
              19.4265366,
              43.5501534
            ],
            [
              19.4269499,
              43.5503765
            ],
            [
              19.4270606,
              43.5504888
            ],
            [
              19.4272023,
              43.5505748
            ],
            [
              19.4273756,
              43.5506984
            ],
            [
              19.4276795,
              43.5510283
            ],
            [
              19.4277081,
              43.5510548
            ],
            [
              19.4280125,
              43.5516185
            ],
            [
              19.4281877,
              43.5518797
            ],
            [
              19.428393,
              43.5523375
            ],
            [
              19.4286153,
              43.5527618
            ],
            [
              19.4289885,
              43.5532775
            ],
            [
              19.4289176,
              43.5535068
            ],
            [
              19.428719,
              43.554026
            ],
            [
              19.4285509,
              43.5545522
            ],
            [
              19.4285287,
              43.5549555
            ],
            [
              19.4285502,
              43.5550138
            ],
            [
              19.4285939,
              43.5551322
            ]
          ]
        ]
      }
    },
    {
      "type": "Feature",
      "properties": {
        "name": "Montenegro",
        "country_code": "ME",
        "osm_id": "relation/53296",
        "source": "OpenStreetMap contributors"
      },
      "geometry": {
        "type": "Polygon",
        "coordinates": [
          [
            [
              20.3477721,
              42.9062333
            ],
            [
              20.1488266,
              42.9888872
            ],
            [
              20.117517,
              42.9654086
            ],
            [
              19.969864,
              43.1128481
            ],
            [
              19.8386864,
              43.0940419
            ],
            [
              19.7702576,
              43.1655287
            ],
            [
              19.6406583,
              43.1889846
            ],
            [
              19.4485469,
              43.3881075
            ],
            [
              19.2237215,
              43.4812093
            ],
            [
              19.2255931,
              43.5285182
            ],
            [
              19.0515064,
              43.5018853
            ],
            [
              18.9882742,
              43.5553138
            ],
            [
              18.9125571,
              43.50208
            ],
            [
              19.0110044,
              43.4455135
            ],
            [
              19.080249,
              43.2997799
            ],
            [
              19.0090249,
              43.2508551
            ],
            [
              18.9144633,
              43.3598525
            ],
            [
              18.8393845,
              43.3485165
            ],
            [
              18.8555894,
              43.3216894
            ],
            [
              18.6881249,
              43.2547137
            ],
            [
              18.7171411,
              43.2317787
            ],
            [
              18.6483964,
              43.1471307
            ],
            [
              18.6606944,
              43.0373332
            ],
            [
              18.5358423,
              43.0336015
            ],
            [
              18.4941195,
              42.9864611
            ],
            [
              18.509238,
              42.8866359
            ],
            [
              18.4503926,
              42.8167857
            ],
            [
              18.4961398,
              42.7358788
            ],
            [
              18.5699214,
              42.719719
            ],
            [
              18.5748957,
              42.6427501
            ],
            [
              18.5202943,
              42.6183955
            ],
            [
              18.5560986,
              42.5811665
            ],
            [
              18.4380795,
              42.5555843
            ],
            [
              18.4336777,
              42.4840526
            ],
            [
              18.5398406,
              42.3923873
            ],
            [
              18.4195781,
              42.2096003
            ],
            [
              18.7442506,
              42.0597563
            ],
            [
              18.9564989,
              41.8105288
            ],
            [
              19.2103411,
              41.6849866
            ],
            [
              19.3814341,
              41.8836275
            ],
            [
              19.34175,
              41.9077531
            ],
            [
              19.4024196,
              42.103624
            ],
            [
              19.2808461,
              42.1804052
            ],
            [
              19.6099734,
              42.5755061
            ],
            [
              19.7273204,
              42.6610848
            ],
            [
              19.7925163,
              42.4814553
            ],
            [
              20.0033678,
              42.5088556
            ],
            [
              20.0788765,
              42.5560902
            ],
            [
              20.1119442,
              42.6554024
            ],
            [
              20.0163451,
              42.7092525
            ],
            [
              20.0246529,
              42.7651386
            ],
            [
              20.2504346,
              42.7591703
            ],
            [
              20.2549508,
              42.8143745
            ],
            [
              20.3529276,
              42.8333801
            ],
            [
              20.3477721,
              42.9062333
            ]
          ]
        ]
      }
    },
    {
      "type": "Feature",
      "properties": {
        "name": "North Macedonia",
        "country_code": "MK",
        "osm_id": "relation/53293",
        "source": "OpenStreetMap contributors"
      },
      "geometry": {
        "type": "Polygon",
        "coordinates": [
          [
            [
              20.4529023,
              41.5180962
            ],
            [
              20.4563105,
              41.5555113
            ],
            [
              20.5577075,
              41.5819846
            ],
            [
              20.5141507,
              41.7277046
            ],
            [
              20.5744037,
              41.7892417
            ],
            [
              20.557432,
              41.8683463
            ],
            [
              20.7279727,
              41.8642769
            ],
            [
              20.7765351,
              41.9185218
            ],
            [
              20.748154,
              42.025705
            ],
            [
              20.7908432,
              42.0831377
            ],
            [
              21.1191045,
              42.2068363
            ],
            [
              21.2683574,
              42.0946768
            ],
            [
              21.3212942,
              42.108018
            ],
            [
              21.3350177,
              42.2074834
            ],
            [
              21.4443186,
              42.2349303
            ],
            [
              21.4482757,
              42.2790504
            ],
            [
              21.6991536,
              42.2324719
            ],
            [
              21.8440664,
              42.3257061
            ],
            [
              21.8991657,
              42.3011908
            ],
            [
              21.946143,
              42.344572
            ],
            [
              22.0655849,
              42.2985015
            ],
            [
              22.2939827,
              42.3739044
            ],
            [
              22.5289761,
              42.1391764
            ],
            [
              22.867129,
              42.022067
            ],
            [
              22.902232,
              41.876325
            ],
            [
              23.033372,
              41.72238
            ],
            [
              22.948283,
              41.632515
            ],
            [
              22.9655541,
              41.3534717
            ],
            [
              22.7645192,
              41.3221051
            ],
            [
              22.7310917,
              41.1458397
            ],
            [
              22.6664356,
              41.1862919
            ],
            [
              22.5838458,
              41.1167731
            ],
            [
              22.3300947,
              41.1211237
            ],
            [
              22.2148344,
              41.1700073
            ],
            [
              22.1287163,
              41.1233964
            ],
            [
              22.0622457,
              41.1607131
            ],
            [
              21.9105242,
              41.0924428
            ],
            [
              21.78846,
              40.9312864
            ],
            [
              21.6874184,
              40.9414171
            ],
            [
              21.5917368,
              40.8660347
            ],
            [
              21.4187597,
              40.9176946
            ],
            [
              21.3166785,
              40.8642867
            ],
            [
              20.9797154,
              40.852478
            ],
            [
              20.9411638,
              40.9247167
            ],
            [
              20.7317924,
              40.9108794
            ],
            [
              20.6748028,
              41.0800567
            ],
            [
              20.5956132,
              41.092033
            ],
            [
              20.5144133,
              41.2309364
            ],
            [
              20.4910963,
              41.3328311
            ],
            [
              20.5609878,
              41.4053463
            ],
            [
              20.4529023,
              41.5180962
            ]
          ]
        ]
      }
    },
    {
      "type": "Feature",
      "properties": {
        "name": "Kosovo",
        "country_code": "XK",
        "osm_id": "relation/2088990",
        "source": "OpenStreetMap contributors"
      },
      "geometry": {
        "type": "Polygon",
        "coordinates": [
          [
            [
              20.0142844,
              42.7407546
            ],
            [
              20.1119442,
              42.6554024
            ],
            [
              20.0762998,
              42.5558234
            ],
            [
              20.2206287,
              42.4337015
            ],
            [
              20.2426066,
              42.3269621
            ],
            [
              20.339135,
              42.3276986
            ],
            [
              20.5241577,
              42.2104536
            ],
            [
              20.6242583,
              41.9743339
            ],
            [
              20.5757715,
              41.9175143
            ],
            [
              20.6192469,
              41.8577899
            ],
            [
              20.7279727,
              41.8642769
            ],
            [
              20.7765241,
              41.9184854
            ],
            [
              20.748154,
              42.025705
            ],
            [
              20.7908432,
              42.0831377
            ],
            [
              21.1191045,
              42.2068363
            ],
            [
              21.2683574,
              42.0946768
            ],
            [
              21.3212942,
              42.108018
            ],
            [
              21.3350177,
              42.2074834
            ],
            [
              21.4443186,
              42.2349303
            ],
            [
              21.4448576,
              42.2778978
            ],
            [
              21.5835905,
              42.2593428
            ],
            [
              21.5318851,
              42.3664485
            ],
            [
              21.6206634,
              42.3779967
            ],
            [
              21.6224147,
              42.4531326
            ],
            [
              21.7899366,
              42.6512633
            ],
            [
              21.7523857,
              42.7012882
            ],
            [
              21.6603747,
              42.6654699
            ],
            [
              21.5594837,
              42.7377157
            ],
            [
              21.3929772,
              42.7451477
            ],
            [
              21.4350599,
              42.8723076
            ],
            [
              21.2711535,
              42.8971962
            ],
            [
              21.2251759,
              43.0203621
            ],
            [
              21.1710629,
              43.0004598
            ],
            [
              21.1372414,
              43.1134812
            ],
            [
              20.8384792,
              43.1729867
            ],
            [
              20.8893661,
              43.2037179
            ],
            [
              20.8119443,
              43.2733306
            ],
            [
              20.5948462,
              43.2067148
            ],
            [
              20.6926447,
              43.0907117
            ],
            [
              20.6405028,
              43.0068296
            ],
            [
              20.4961856,
              42.9523261
            ],
            [
              20.5382796,
              42.8831746
            ],
            [
              20.2811258,
              42.8306821
            ],
            [
              20.212855,
              42.746227
            ],
            [
              20.060378,
              42.7790727
            ],
            [
              20.0142844,
              42.7407546
            ]
          ]
        ]
      }
    }
  ],
  "metadata": {
    "source": "OpenStreetMap contributors",
    "license": "ODbL 1.0",
    "osm_base_timestamp": "2026-09-11T20:15:48Z",
    "simplification_tolerance_degrees": 0.03
  }
}
